Jamal Kramer,1117602483,44,Neiva,jamalkramer3391@gmail.com,7,7,7,1
Erich Jacobson,1400458614,49,Tunja,erichjacobson3906@gmail.com,1,7,1,7
Ralph Hogan,1789781925,23,Ocaña,ralphhogan4110@outlook.com,1,1,1,1
Coby Anderson,1144569201,54,Granada,cobyanderson@outlook.com,1,7,1,7
Evangeline Mcguire,1509485725,31,Sincelejo,evangelinemcguire@hotmail.com,7,1,1,1
Allen Contreras,1421299933,3,Arauca,allencontreras485@yahoo.com,1,1,1,1
Maggie Short,1561654319,47,Granada,maggieshort4105@yahoo.com,1,1,1,1
Kellie Barr,1991888580,23,Ocaña,kelliebarr791@outlook.com,7,7,1,1
Hope Bowers,1835666102,84,Pitalito,hopebowers@gmail.com,1,1,1,1
Uriah Patrick,1821846751,56,Florencia,uriahpatrick@outlook.com,7,7,7,7
Jameson Avery,1116790629,79,Ibagué,jamesonavery4909@yahoo.com,1,1,1,7
Teagan Walls,1411016439,27,Zipaquirá,teaganwalls4903@yahoo.com,1,1,1,1
Dale Fitzpatrick,1090144211,67,Duitama,dalefitzpatrick1295@gmail.com,1,7,1,1
Thor Ward,1686581970,5,Bogotá,thorward2263@gmail.com,1,1,7,7
Kermit Fields,1674361369,36,Agustín Codazzi,kermitfields@outlook.com,1,1,1,7
Deanna Macias,1364798987,79,Yopal,deannamacias8403@hotmail.com,7,1,1,1
Uma Boone,1787565814,29,Pacoa,umaboone@hotmail.com,1,7,7,7
Kirestin Donovan,1638692322,12,La Tebaida,kirestindonovan617@outlook.com,7,7,1,1
Joel Pierce,1014646194,9,San Marcos,joelpierce@hotmail.com,1,7,7,7
Guy Wilcox,1361615402,36,Cali,guywilcox1514@gmail.com,1,1,7,7
Autumn Velez,1772163189,22,Dosquebradas,autumnvelez@yahoo.com,7,1,7,1
Bert Carter,1328547735,30,Sincelejo,bertcarter4227@gmail.com,7,7,1,1
Hammett Dalton,1477756101,26,Sincelejo,hammettdalton3068@hotmail.com,1,7,1,7
Ulric Simon,1976409202,25,Aguazul,ulricsimon@hotmail.com,1,7,1,7
Kieran Vasquez,1532871121,64,Puerto Nariño,kieranvasquez9910@yahoo.com,7,1,7,1
Merrill Haney,1445785277,18,Arauca,merrillhaney8787@yahoo.com,1,7,1,7
Dexter Charles,1910019972,82,Bogotá,dextercharles4715@gmail.com,7,1,1,1
Marah Rose,1091721597,22,Barranquilla,marahrose4643@gmail.com,1,7,7,1
Riley Jacobs,1071633184,74,Aguazul,rileyjacobs@yahoo.com,1,1,7,1
Timon Santiago,1656751569,27,Villavicencio,timonsantiago8516@yahoo.com,1,1,1,7
Colette Sweeney,1020765083,9,San Andrés,colettesweeney@outlook.com,1,1,1,7
Evelyn Rasmussen,1093721418,85,Sahagún,evelynrasmussen8738@hotmail.com,1,1,7,7
Kylie Caldwell,1136706164,65,Puerto Carreño,kyliecaldwell6762@gmail.com,1,1,1,1
Aspen Curry,1764333649,72,Puerto Carreño,aspencurry706@hotmail.com,1,7,7,1
Gareth O'connor,1542319498,44,San Vicente del Caguán,garethoconnor@outlook.com,1,7,7,1
Hillary Porter,1146522400,47,Ibagué,hillaryporter@outlook.com,1,1,1,1
Gillian Hanson,1426844472,7,Sabanalarga,gillianhanson@yahoo.com,1,1,7,1
Jaden Ball,1960830601,45,Puerto Colombia,jadenball2987@yahoo.com,7,1,7,1
Willa Whitehead,1148934203,80,San Andrés,willawhitehead@hotmail.com,1,1,1,1
Dean Wong,1542704247,82,Puerto Colombia,deanwong7507@gmail.com,7,1,7,7
Ina Hawkins,1120238331,53,Puerto Asís,inahawkins@gmail.com,7,1,1,7
Brandon Mcleod,1728198183,2,La Plata,brandonmcleod@gmail.com,1,1,1,1
Reece Mckenzie,1663447342,87,Itagüí,reecemckenzie@outlook.com,1,1,1,7
Delilah Fuentes,1683428426,68,Soacha,delilahfuentes8859@outlook.com,1,7,1,7
Castor Solomon,1363066738,28,Montería,castorsolomon@gmail.com,1,7,1,1
Fleur Welch,1070285413,6,Aguachica,fleurwelch4598@yahoo.com,1,7,1,1
Nora Johnston,1619051533,55,Cumaribo,norajohnston@outlook.com,7,1,1,7
Nita Hubbard,1113933391,21,Paz de Ariporo,nitahubbard@gmail.com,1,7,7,1
Leslie Richardson,1842702344,67,Paz de Ariporo,leslierichardson@yahoo.com,1,1,1,7
Lillith Klein,1189359122,66,Corozal,lillithklein7241@outlook.com,1,1,1,1
Doris Cannon,1575215724,83,Mapiripana,doriscannon2699@gmail.com,7,7,1,7
Veda Austin,1495897574,13,San Andrés,vedaaustin6013@hotmail.com,1,1,7,7
Belle Cline,1534505569,54,Leticia,bellecline@outlook.com,1,1,1,1
Kai Marks,1246446830,50,Duitama,kaimarks2692@outlook.com,7,7,1,7
Garth Hopkins,1408274197,32,San Andrés,garthhopkins@gmail.com,1,7,1,7
Colby Sloan,1728512265,42,Armenia,colbysloan@hotmail.com,7,7,1,7
Blythe Shaw,1393371026,25,San Marcos,blytheshaw@yahoo.com,7,1,1,7
Samantha Gilmore,1567707516,28,Bogotá,samanthagilmore6564@outlook.com,1,1,7,1
Tate O'donnell,1612780246,44,Orito,tateodonnell@gmail.com,1,7,7,1
Madeson Brady,1549146111,30,Barranco Minas,madesonbrady5036@hotmail.com,1,1,1,1
Phyllis Schroeder,1745833722,77,Mitú,phyllisschroeder@gmail.com,1,7,1,1
Jolene Gray,1489417279,45,Dosquebradas,jolenegray8481@yahoo.com,1,1,7,1
Kuame Gray,1329168311,51,San Juan del Cesar,kuamegray9452@gmail.com,7,1,7,1
Keith Goodwin,1690232372,81,Mocoa,keithgoodwin@yahoo.com,7,1,1,1
Evan Sawyer,1825359512,35,San Juan del Cesar,evansawyer785@hotmail.com,1,7,1,1
Keiko Suarez,1816063187,89,Cumaribo,keikosuarez@outlook.com,7,1,1,1
Selma Barton,1193367682,17,Puerto López,selmabarton9934@gmail.com,7,7,1,1
Aidan Randolph,1722354196,69,Sincelejo,aidanrandolph@outlook.com,7,1,7,1
Octavia Porter,1376437823,73,San Andrés,octaviaporter@outlook.com,7,7,1,1
Simone Foster,1347247671,56,Istmina,simonefoster6283@yahoo.com,1,1,7,7
Kim Clarke,1352709485,73,Istmina,kimclarke@hotmail.com,1,1,7,7
Avram Preston,1618855690,14,Saravena,avrampreston@yahoo.com,1,1,1,7
Lester Kirk,1847307837,13,Bogotá,lesterkirk@outlook.com,7,7,7,1
Dorian Calhoun,1101110916,62,Sincelejo,doriancalhoun298@outlook.com,7,7,1,7
Patrick Barry,1994354703,90,Santa Rosa de Cabal,patrickbarry@outlook.com,1,7,1,1
Olga Henry,1777355041,50,Yopal,olgahenry7609@yahoo.com,7,7,1,7
Marsden Alexander,1207192379,53,Piedecuesta,marsdenalexander@hotmail.com,1,1,1,1
Theodore Hogan,1038812108,6,Valledupar,theodorehogan7751@hotmail.com,7,1,7,1
Michael Warner,1112062296,49,Montelíbano,michaelwarner362@hotmail.com,1,1,1,1
Buffy Lynn,1995127111,34,Itagüí,buffylynn@hotmail.com,1,7,1,1
Cedric Cook,1707497199,81,Puerto Carreño,cedriccook@gmail.com,1,1,1,1
Steven Burton,1376166367,19,Bogotá,stevenburton@outlook.com,7,7,7,7
Vera Boyle,1460859412,83,Tunja,veraboyle@yahoo.com,1,7,1,1
Xenos Moody,1871628411,77,Envigado,xenosmoody@yahoo.com,1,7,1,1
Prescott Butler,1937001608,68,Floridablanca,prescottbutler534@yahoo.com,1,7,1,1
Nevada Barrett,1916519901,76,Montelíbano,nevadabarrett3328@yahoo.com,7,1,1,1
Katell Melton,1191358117,77,Santander de Quilichao,katellmelton@gmail.com,7,7,1,1
Harlan Salazar,1779573719,57,Agustín Codazzi,harlansalazar@outlook.com,7,7,1,7
Bianca Farmer,1836071163,78,Cereté,biancafarmer4246@gmail.com,7,1,7,1
Zena Carrillo,1770727088,48,Ibagué,zenacarrillo@hotmail.com,1,7,1,1
Neve Fitzpatrick,1348958735,51,Samaniego,nevefitzpatrick7244@hotmail.com,1,7,1,1
Beverly Barker,1866790209,45,San Andrés,beverlybarker8931@hotmail.com,7,7,7,7
Cameran Gross,1088470152,90,Pacoa,camerangross@outlook.com,1,7,1,7
Erich Dodson,1902838002,34,Cereté,erichdodson8008@gmail.com,1,7,1,1
Burke West,1857717810,37,Quibdó,burkewest8540@hotmail.com,1,1,1,1
Harding Watson,1811836185,71,Palmira,hardingwatson@yahoo.com,1,1,7,1
Cairo Everett,1334059034,60,El Retorno,cairoeverett@yahoo.com,1,1,7,7
Josiah Cole,1987978083,35,Ocaña,josiahcole@yahoo.com,1,7,1,1
Simone Miranda,1553636954,2,Riosucio,simonemiranda@yahoo.com,7,1,1,7
Keegan Mccarthy,1258346181,39,Buenaventura,keeganmccarthy9409@outlook.com,1,7,1,1
Montana Fulton,1632003667,8,San Marcos,montanafulton@outlook.com,1,1,1,7
Shafira Horn,1427593261,36,Mitú,shafirahorn9303@gmail.com,1,7,7,1
Aurora Thornton,1342973355,48,San Juan de Pasto,aurorathornton2144@hotmail.com,1,1,1,1
Aurelia Waters,1150744445,75,Ibagué,aureliawaters@hotmail.com,1,7,1,1
Oliver Boyd,1669094297,85,Sabanalarga,oliverboyd@hotmail.com,1,7,1,1
Camille Garza,1759034246,85,Miraflores,camillegarza7160@hotmail.com,1,1,1,1
Hilel Stevens,1369917876,53,Los Patios,hilelstevens@hotmail.com,1,1,1,1
Linus Simmons,1603707385,75,La Dorada,linussimmons@gmail.com,1,7,1,1
Byron Daugherty,1603001347,48,Puerto Guzmán,byrondaugherty2552@yahoo.com,7,7,1,1
Bell Norton,1660334495,3,Sahagún,bellnorton7623@yahoo.com,1,1,1,1
Cheryl Craig,1496257302,77,Carmen de Bolivar,cherylcraig@gmail.com,7,1,1,7
Holmes Workman,1911404280,66,San José del Guaviare,holmesworkman8863@yahoo.com,7,1,7,1
Ahmed Haney,1382436143,10,Soledad,ahmedhaney@outlook.com,1,1,1,1
Halee Bender,1228781079,44,Barranquilla,haleebender8051@hotmail.com,1,1,1,1
Marshall Blackwell,1744831141,37,Alto Baudó,marshallblackwell@yahoo.com,7,7,7,1
Fuller Glover,1829555534,39,Yopal,fullerglover511@gmail.com,7,1,7,1
Echo Holland,1701872183,62,Yopal,echoholland@gmail.com,1,1,1,7
Wilma Riley,1841133541,27,Villa del Rosario,wilmariley@hotmail.com,1,7,1,7
Merrill Crane,1443168626,48,Granada,merrillcrane@outlook.com,7,1,7,1
Darryl Dunlap,1909906562,29,San Andrés,darryldunlap4237@gmail.com,1,1,7,1
Juliet Rojas,1044110728,56,Soledad,julietrojas2903@outlook.com,1,7,7,1
Cathleen Henson,1743158954,53,Cartagena,cathleenhenson@gmail.com,7,1,7,7
Shelley Carpenter,1225634686,80,Manizales,shelleycarpenter9943@gmail.com,7,1,1,7
Rinah Floyd,1334233484,56,Bogotá,rinahfloyd@outlook.com,7,1,1,1
Christopher Carson,1050191090,33,Bogotá,christophercarson@hotmail.com,7,1,1,1
Charity Sellers,1106643003,67,Manizales,charitysellers6994@hotmail.com,7,7,1,7
Slade Pena,1397708886,2,Aguachica,sladepena@outlook.com,7,1,7,7
Kellie Mcdaniel,1160521997,36,Riohacha,kelliemcdaniel@yahoo.com,1,1,1,7
Candace Herman,1184439237,26,Granada,candaceherman7015@hotmail.com,1,1,1,7
Hayes Jacobson,1777175658,5,Duitama,hayesjacobson@outlook.com,1,7,7,1
Ray James,1228865080,82,Ipiales,rayjames5049@gmail.com,7,1,1,1
Orlando Frost,1190532853,35,Cumaribo,orlandofrost2894@yahoo.com,7,7,7,1
Hamilton Buchanan,1011966960,34,Popayán,hamiltonbuchanan@hotmail.com,1,1,1,7
Gareth Craig,1158109519,39,Calamar,garethcraig6180@hotmail.com,1,7,1,1
Iliana Valenzuela,1721559321,87,El Tambo,ilianavalenzuela1118@yahoo.com,1,1,7,1
Kasper Shelton,1213184139,8,Aguazul,kaspershelton@yahoo.com,1,7,1,1
Denton Valencia,1933055494,80,Piedecuesta,dentonvalencia@yahoo.com,1,1,1,7
Shellie Figueroa,1379121606,81,Tame,shelliefigueroa@gmail.com,7,7,1,7
Carolyn Burch,1059934628,13,Facatativá,carolynburch219@outlook.com,1,1,1,1
Joan Brewer,1138650740,77,Sogamoso,joanbrewer2108@gmail.com,1,1,1,1
Scott Herrera,1801214753,4,Calarcá,scottherrera6929@yahoo.com,7,1,7,1
Alexander Marshall,1227946519,68,Arauca,alexandermarshall5939@yahoo.com,1,1,1,1
Akeem Byers,1812660010,54,Cartagena,akeembyers805@outlook.com,7,1,7,1
Patricia Preston,1653285539,76,Mitú,patriciapreston6154@yahoo.com,1,1,1,1
Kane Wynn,1326076621,18,Manaure,kanewynn9348@outlook.com,1,7,1,1
Ocean Zamora,1090008974,29,Miraflores,oceanzamora5078@outlook.com,1,7,1,1
Brian Bolton,1691586263,46,Montería,brianbolton@yahoo.com,1,1,7,1
Emi Wilkins,1423006620,1,Malambo,emiwilkins9011@yahoo.com,7,1,7,1
Kato Solomon,1173930437,25,Bucaramanga,katosolomon5398@hotmail.com,1,1,7,7
Beatrice Macias,1211859228,10,Rionegro,beatricemacias2456@hotmail.com,7,7,7,7
Kerry Elliott,1081913127,35,Ipiales,kerryelliott915@hotmail.com,1,7,1,1
Azalia Wynn,1862128075,43,Chía,azaliawynn@gmail.com,1,7,7,1
Martina Eaton,1865467344,80,Bogotá,martinaeaton@hotmail.com,1,1,7,1
Martha Gutierrez,1854904766,78,Itagüí,marthagutierrez@outlook.com,7,7,1,7
Gregory Rios,1702144117,54,Sogamoso,gregoryrios4540@outlook.com,7,1,1,7
Hamilton Goodman,1948001855,13,Cartagena,hamiltongoodman@outlook.com,1,1,1,1
Oren Fitzgerald,1599396140,43,Tuluá,orenfitzgerald2807@gmail.com,7,1,1,7
Quon Hancock,1221158734,72,Montería,quonhancock9391@outlook.com,1,7,1,7
Natalie Mcfadden,1234809951,78,Aguachica,nataliemcfadden@hotmail.com,1,7,7,7
Camden Carney,1501503630,1,Riosucio,camdencarney2788@hotmail.com,1,1,7,1
Cecilia Charles,1558502086,54,Chía,ceciliacharles8666@gmail.com,1,1,7,1
Nadine Richardson,1186868940,73,Sincelejo,nadinerichardson@yahoo.com,1,7,1,1
Chaim Howell,1940659534,0,Cali,chaimhowell5498@gmail.com,1,7,1,1
Maisie Rodriguez,1283716381,2,Villavicencio,maisierodriguez@outlook.com,7,1,1,1
Dacey Chang,1789374489,18,Arauca,daceychang@hotmail.com,1,7,1,7
Davis Snyder,1072901529,10,Medellín,davissnyder@outlook.com,7,1,7,1
Randall Guy,1063013507,88,Puerto López,randallguy@outlook.com,1,7,7,1
Plato Johnston,1263546387,78,Duitama,platojohnston@gmail.com,1,1,1,7
Camille Cooke,1394071994,4,Neiva,camillecooke@yahoo.com,1,1,1,1
Quinlan Estes,1666198581,56,Puerto Nariño,quinlanestes@gmail.com,7,7,1,1
Rigel Rodriquez,1713024837,38,Bogotá,rigelrodriquez4642@gmail.com,1,1,1,1
Raven Fisher,1549301355,66,Granada,ravenfisher4280@outlook.com,7,7,1,7
Leah Donovan,1065170890,8,Pereira,leahdonovan1896@outlook.com,7,1,7,1
Mohammad Smith,1887102655,81,Tumaco,mohammadsmith6847@gmail.com,1,7,7,1
Gloria Guzman,1087985084,8,Puerto Colombia,gloriaguzman7074@hotmail.com,7,1,1,1
Kane Buckner,1627220825,19,Cartagena,kanebuckner@outlook.com,7,1,7,1
Zachary Mccoy,1034408112,14,La Plata,zacharymccoy@yahoo.com,1,1,1,1
Cassidy Marks,1452942126,71,Medio Atrato,cassidymarks5153@hotmail.com,1,7,1,1
Ronan Bean,1383141575,80,Arauca,ronanbean5891@gmail.com,1,7,1,1
Perry Harrell,1582066101,15,Barranquilla,perryharrell@outlook.com,1,1,1,7
Chaney Ryan,1150589026,77,Santa Rosa de Cabal,chaneyryan8560@gmail.com,1,7,1,1
Allegra Hahn,1641543822,46,Villa del Rosario,allegrahahn7712@yahoo.com,7,7,1,1
Harrison Melton,1065615328,45,Cartagena,harrisonmelton3883@hotmail.com,7,1,7,1
Zoe Lott,1811696237,63,Calamar,zoelott@yahoo.com,1,1,7,7
Lara Mercer,1415194571,26,Pacoa,laramercer5912@hotmail.com,1,1,1,7
Cally Lopez,1824489322,43,Puerto Colombia,callylopez7967@yahoo.com,7,1,1,1
Ann Ramos,1653543340,45,Barranco Minas,annramos@outlook.com,1,1,1,1
Amity Sheppard,1210658598,28,Santa Marta,amitysheppard7691@outlook.com,1,1,7,7
Kylee Lloyd,1314320364,57,San José del Guaviare,kyleelloyd@gmail.com,7,7,7,7
Steel Church,1045640634,84,Mitú,steelchurch@gmail.com,1,7,1,7
Rana Finch,1560818486,3,Cartagena del Chairá,ranafinch4964@yahoo.com,1,1,1,1
Dolan Todd,1749911817,69,Montería,dolantodd@gmail.com,1,7,7,7
Oleg Bond,1355614939,23,Calarcá,olegbond@hotmail.com,1,7,1,1
Xenos Browning,1937465210,49,Miraflores,xenosbrowning@outlook.com,1,1,1,1
Isaac Figueroa,1389044063,13,Calamar,isaacfigueroa9322@gmail.com,7,1,1,7
Malik Trevino,1851167189,82,Calamar,maliktrevino9971@outlook.com,1,1,1,7
Rina Cotton,1738842344,60,Pitalito,rinacotton4487@hotmail.com,7,7,7,7
Davis Potter,1403054316,81,Puerto López,davispotter@outlook.com,1,1,7,7
Lane Bailey,1333772138,52,Cartagena,lanebailey1618@yahoo.com,1,1,7,7
Brennan Guzman,1672289239,67,San Juan de Pasto,brennanguzman9370@yahoo.com,1,7,1,1
Tashya O'Neill,1059007251,50,La Dorada,tashyaoneill5869@yahoo.com,7,1,1,1
Harding Lindsey,1573230834,48,Sincelejo,hardinglindsey@outlook.com,1,1,1,1
Savannah Willis,1589352720,17,Maicao,savannahwillis3037@yahoo.com,7,7,1,7
Wylie Copeland,1198437207,52,Ibagué,wyliecopeland@yahoo.com,7,1,1,1
Kermit Bonner,1563581890,63,Acacías,kermitbonner@hotmail.com,1,7,7,1
Odessa Fuentes,1057539303,10,Medellín,odessafuentes4996@outlook.com,1,1,1,7
Stewart Castillo,1150647394,84,Villa del Rosario,stewartcastillo@gmail.com,1,7,7,7
Clark Strickland,1293275877,26,Carmen de Bolivar,clarkstrickland2434@outlook.com,7,1,7,1
Lunea Richardson,1027916041,83,Bogotá,lunearichardson1234@gmail.com,1,1,1,1
Hilel Mcfarland,1772236581,2,Puerto López,hilelmcfarland@hotmail.com,1,1,1,1
Zenaida Lowery,1086610917,24,Calamar,zenaidalowery@hotmail.com,7,1,1,1
Melissa Hogan,1325123900,54,Mocoa,melissahogan@gmail.com,1,1,1,1
Hilel Bullock,1390911318,58,Calarcá,hilelbullock7327@outlook.com,7,1,1,7
Brent Knowles,1192217816,4,Tuluá,brentknowles4149@yahoo.com,7,7,1,1
Alisa Mckay,1134414485,60,Puerto Colombia,alisamckay@outlook.com,1,1,1,1
Dylan Cline,1662840158,32,Calamar,dylancline5893@yahoo.com,7,1,7,1
Abigail Barr,1986266069,64,San Vicente del Caguán,abigailbarr@yahoo.com,7,1,1,7
Duncan Terry,1508545339,39,Cali,duncanterry4224@yahoo.com,1,1,7,7
Brock Garner,1664960348,81,Chiquinquirá,brockgarner2787@gmail.com,1,7,7,7
Xenos Richardson,1810035239,73,San Marcos,xenosrichardson@outlook.com,7,7,7,1
Erich Woodward,1513768306,68,Barranquilla,erichwoodward@gmail.com,1,1,1,1
Dawn Michael,1026519252,69,Aguachica,dawnmichael5388@hotmail.com,7,1,1,7
Mira Cain,1897509838,62,Agustín Codazzi,miracain5936@outlook.com,7,7,1,1
Delilah Rhodes,1397896251,69,Soacha,delilahrhodes@yahoo.com,7,1,7,7
Cleo Dean,1602067013,71,Fundación,cleodean@hotmail.com,7,7,1,7
Rebekah Frank,1011882278,58,Quimbaya,rebekahfrank4836@gmail.com,1,1,7,7
Daryl Price,1819864200,35,Ocaña,darylprice8674@hotmail.com,1,1,1,1
Ann Le,1132279877,36,Sogamoso,annle@outlook.com,1,1,7,7
Robert Ratliff,1028177723,53,Carmen de Bolivar,robertratliff6604@hotmail.com,1,1,1,1
Charde Beard,1550077581,71,Cartagena,chardebeard@yahoo.com,7,1,7,1
Melyssa Hampton,1013118299,76,Turbo,melyssahampton@yahoo.com,1,1,1,1
Dolan Moon,1957746198,63,Manaure,dolanmoon3964@gmail.com,7,7,7,7
Xandra Beck,1884363586,54,Ibagué,xandrabeck6054@outlook.com,1,7,1,1
Howard Reilly,1832813856,36,Barranco Minas,howardreilly5556@hotmail.com,7,7,1,1
Wyatt Strickland,1222401579,53,Santa Marta,wyattstrickland1752@outlook.com,1,1,7,1
Jeanette Rice,1452317694,75,Alto Baudó,jeanetterice6024@outlook.com,1,1,7,1
Cathleen Franks,1662128855,1,La Dorada,cathleenfranks@yahoo.com,1,1,1,1
Holmes Melendez,1100302628,10,San Andrés,holmesmelendez@gmail.com,1,1,1,1
Isadora Bruce,1298123528,8,Miraflores,isadorabruce@yahoo.com,1,7,1,7
Kamal Blankenship,1420366335,86,Puerto López,kamalblankenship7155@yahoo.com,1,1,1,7
Hayes Hodge,1133759749,13,Ipiales,hayeshodge@gmail.com,1,1,1,1
Flynn Chavez,1940086749,52,Puerto López,flynnchavez@hotmail.com,1,1,1,1
Alec Mccarty,1063087490,44,Soledad,alecmccarty2333@outlook.com,7,1,7,1
Justin Stout,1498135875,9,Santa Cruz de Lorica,justinstout@gmail.com,1,1,1,1
Cameran Wilcox,1749032953,76,Envigado,cameranwilcox281@hotmail.com,7,7,1,7
Sophia Knapp,1256521740,64,Saravena,sophiaknapp7817@outlook.com,1,1,7,1
Nash Slater,1743754110,80,Saravena,nashslater114@outlook.com,7,1,7,1
Ivana Wall,1102433017,28,Ibagué,ivanawall@outlook.com,1,7,1,7
Maisie Hopper,1306137525,47,Valledupar,maisiehopper@outlook.com,1,1,1,1
Xaviera Black,1966327459,13,Pacoa,xavierablack7178@gmail.com,1,7,1,7
